대분류코드,대분류명,중분류코드,중분류명,건수,trippic_category
I2,음식,I201,한식,359832,food
S2,수리·개인,S207,이용·미용,185210,
I2,음식,I210,기타 간이,162941,food
G2,소매,G209,섬유·의복·신발 소매,129962,shop
G2,소매,G204,종합 소매,124880,shop
I2,음식,I212,비알코올,122623,cafe
L1,부동산,L102,부동산 서비스,105445,
P1,교육,P106,기타 교육,102875,
I2,음식,I211,주점,97580,bar
G2,소매,G205,식료품 소매,85140,shop
I1,숙박,I101,일반 숙박,74061,stay
M1,과학·기술,M107,본사·경영 컨설팅,64026,
P1,교육,P105,일반 교육,63767,
G2,소매,G215,의약·화장품 소매,60082,shop
R1,예술·스포츠,R104,유원지·오락,56505,activity
S2,수리·개인,S203,자동차 수리·세차,52680,
Q1,보건의료,Q102,의원,50559,
R1,예술·스포츠,R103,스포츠 서비스,48653,activity
M1,과학·기술,M112,전문 디자인,47668,
M1,과학·기술,M105,광고,45495,
M1,과학·기술,M109,기술 서비스,45403,
G2,소매,G208,가전·통신 소매,36027,shop
G2,소매,G213,오락용품 소매,35524,shop
I2,음식,I202,중식,31984,food
N1,시설관리·임대,N102,청소·방제,31610,
S2,수리·개인,S209,세탁,25136,
I2,음식,I203,일식,24842,food
M1,과학·기술,M103,법무관련,24282,
G2,소매,G210,철물·건설자재 소매,24233,
I2,음식,I204,서양식,23100,food
M1,과학·기술,M113,사진 촬영,20483,
G2,소매,G214,연료 소매,19883,
N1,시설관리·임대,N104,고용 알선,19732,
G2,소매,G212,기타 생활용품 소매,18418,shop
G2,소매,G219,식물 소매,17769,shop
M1,과학·기술,M114,인쇄·제품제작,17694,
M1,과학·기술,M104,회계·세무,16889,
S2,수리·개인,S206,기타 가정용품 수리,16764,
S2,수리·개인,S208,욕탕·신체관리,16486,
N1,시설관리·임대,N108,기타 사업 서비스,16072,
N1,시설관리·임대,N105,여행사·보조,15569,
P1,교육,P107,교육 지원,15133,
S2,수리·개인,S205,가전제품 수리,13368,
G2,소매,G221,기타 상품 소매,12842,shop
G2,소매,G218,장식품 소매,12143,shop
G2,소매,G216,안경·정밀기기 소매,11999,shop
R1,예술·스포츠,R102,도서관·사적지,10854,
I2,음식,I207,구내식당·뷔페,10673,
G2,소매,G217,시계·귀금속 소매,10516,shop
G2,소매,G220,애완동물·용품 소매,10309,shop
G2,소매,G211,가구 소매,9862,shop
G2,소매,G222,중고 상품 소매,9740,shop
G2,소매,G202,자동차 부품 소매,9468,
N1,시설관리·임대,N110,가정용품 대여,9182,
N1,시설관리·임대,N111,산업용품 대여,9145,
S2,수리·개인,S201,컴퓨터 수리,7776,
N1,시설관리·임대,N101,시설관리,7761,
I2,음식,I205,동남아시아,6631,food
I1,숙박,I102,기타 숙박,6422,stay
N1,시설관리·임대,N109,운송장비 대여,5196,
S2,수리·개인,S210,장례식장,5083,
M1,과학·기술,M115,기타 전문 과학,5064,
M1,과학·기술,M111,수의,4662,
G2,소매,G207,담배 소매,4185,shop
Q1,보건의료,Q101,병원,3893,
N1,시설관리·임대,N107,사무 지원,3814,
S2,수리·개인,S204,모터사이클 수리,3221,
G2,소매,G206,음료 소매,3022,shop
Q1,보건의료,Q104,기타 보건,3014,
S2,수리·개인,S211,기타 개인,2483,
G2,소매,G203,모터사이클 소매,2125,shop
N1,시설관리·임대,N103,조경·유지,1874,
S2,수리·개인,S202,통신장비 수리,1620,
M1,과학·기술,M106,시장 조사,1471,
I2,음식,I206,기타 외국,49,food
