소분류코드,대분류코드,대분류명,중분류코드,중분류명,소분류명,contenttypeid,trippic_category
AC010100,AC,숙박,AC01,호텔,호텔,32,stay
AC020100,AC,숙박,AC02,콘도미니엄,콘도,32,stay
AC020200,AC,숙박,AC02,콘도미니엄,레지던스,32,stay
AC030100,AC,숙박,AC03,펜션/민박,펜션,32,stay
AC030200,AC,숙박,AC03,펜션/민박,한옥스테이,32,stay
AC030300,AC,숙박,AC03,펜션/민박,농어촌민박,32,stay
AC030400,AC,숙박,AC03,펜션/민박,홈스테이,32,stay
AC040100,AC,숙박,AC04,모텔,모텔,32,stay
AC050100,AC,숙박,AC05,캠핑,일반야영장,28,stay
AC050200,AC,숙박,AC05,캠핑,오토캠핑장,28,stay
AC050300,AC,숙박,AC05,캠핑,카라반,28,stay
AC050400,AC,숙박,AC05,캠핑,글램핑장,28,stay
AC060100,AC,숙박,AC06,호스텔,유스호스텔,32,stay
AC060200,AC,숙박,AC06,호스텔,게스트하우스,32,stay
EV010100,EV,축제/공연/행사,EV01,축제,문화관광축제,15,event
EV010200,EV,축제/공연/행사,EV01,축제,문화예술축제,15,event
EV010300,EV,축제/공연/행사,EV01,축제,지역특산물축제,15,event
EV010400,EV,축제/공연/행사,EV01,축제,전통역사축제,15,event
EV010500,EV,축제/공연/행사,EV01,축제,생태자연축제,15,event
EV010600,EV,축제/공연/행사,EV01,축제,기타축제,15,event
EV020100,EV,축제/공연/행사,EV02,공연,전통공연,15,event
EV020200,EV,축제/공연/행사,EV02,공연,연극,15,event
EV020300,EV,축제/공연/행사,EV02,공연,뮤지컬,15,event
EV020400,EV,축제/공연/행사,EV02,공연,오페라,15,event
EV020500,EV,축제/공연/행사,EV02,공연,무용,15,event
EV020600,EV,축제/공연/행사,EV02,공연,클래식음악회,15,event
EV020700,EV,축제/공연/행사,EV02,공연,대중콘서트,15,event
EV020800,EV,축제/공연/행사,EV02,공연,영화,15,event
EV020900,EV,축제/공연/행사,EV02,공연,기타공연,15,event
EV021000,EV,축제/공연/행사,EV02,공연,넌버벌,15,event
EV030100,EV,축제/공연/행사,EV03,행사,전시회,15,event
EV030200,EV,축제/공연/행사,EV03,행사,박람회,15,event
EV030300,EV,축제/공연/행사,EV03,행사,스포츠경기,15,event
EV030400,EV,축제/공연/행사,EV03,행사,기타행사,15,event
EX010100,EX,체험관광,EX01,전통체험,전통문화체험,12,activity
EX020100,EX,체험관광,EX02,공예체험,금속공예체험,12,activity
EX020200,EX,체험관광,EX02,공예체험,유리공예체험,12,activity
EX020300,EX,체험관광,EX02,공예체험,가죽공예체험,12,activity
EX020400,EX,체험관광,EX02,공예체험,기타공예체험,12,activity
EX030100,EX,체험관광,EX03,농.산.어촌 체험,체험마을,12,activity
EX030200,EX,체험관광,EX03,농.산.어촌 체험,체험목장,12,activity
EX030300,EX,체험관광,EX03,농.산.어촌 체험,체험농장,12,activity
EX030400,EX,체험관광,EX03,농.산.어촌 체험,체험어장,12,activity
EX040100,EX,체험관광,EX04,산사체험,템플스테이,12,activity
EX040200,EX,체험관광,EX04,산사체험,사찰문화체험,12,activity
EX050100,EX,체험관광,EX05,웰니스관광,온천 / 사우나 / 스파,12,activity
EX050200,EX,체험관광,EX05,웰니스관광,찜질방,12,activity
EX050300,EX,체험관광,EX05,웰니스관광,한방체험,12,activity
EX050400,EX,체험관광,EX05,웰니스관광,힐링명상,12,activity
EX050500,EX,체험관광,EX05,웰니스관광,뷰티스파,12,activity
EX050600,EX,체험관광,EX05,웰니스관광,기타웰니스,12,activity
EX050700,EX,체험관광,EX05,웰니스관광,자연치유,12,activity
EX050800,EX,체험관광,EX05,웰니스관광,기타의료관광,12,activity
EX060100,EX,체험관광,EX06,산업관광,근대산업유산,12,activity
EX060200,EX,체험관광,EX06,산업관광,게임 등 첨단IT산업,12,activity
EX060300,EX,체험관광,EX06,산업관광,전통/향토산업,12,activity
EX060400,EX,체험관광,EX06,산업관광,문화콘텐츠산업,12,activity
EX060500,EX,체험관광,EX06,산업관광,장수기업/산업테마거리,12,activity
EX060600,EX,체험관광,EX06,산업관광,자동차/조선/철강 등,12,activity
EX060700,EX,체험관광,EX06,산업관광,로봇/항공우주산업,12,activity
EX060800,EX,체험관광,EX06,산업관광,화장품/주류/먹거리,12,activity
EX060900,EX,체험관광,EX06,산업관광,친환경/신재생에너지,12,activity
EX061000,EX,체험관광,EX06,산업관광,기타산업관광지,12,activity
EX070100,EX,체험관광,EX07,기타체험,유람선/잠수함관광,12,activity
EX070200,EX,체험관광,EX07,기타체험,기타체험관광,12,activity
FD010100,FD,음식,FD01,한식,관광식당,39,food
FD010200,FD,음식,FD01,한식,모범음식점,39,food
FD020100,FD,음식,FD02,외국식,중식,39,food
FD020200,FD,음식,FD02,외국식,일식,39,food
FD020300,FD,음식,FD02,외국식,서양식,39,food
FD020400,FD,음식,FD02,외국식,기타외국식,39,food
FD020500,FD,음식,FD02,외국식,퓨전음식,39,food
FD030100,FD,음식,FD03,간이음식,제과,39,food
FD030200,FD,음식,FD03,간이음식,"피자, 햄버거, 샌드위치 및 유사음식",39,food
FD030300,FD,음식,FD03,간이음식,치킨,39,food
FD030400,FD,음식,FD03,간이음식,김밥 분식,39,food
FD030500,FD,음식,FD03,간이음식,이동음식,39,food
FD030600,FD,음식,FD03,간이음식,기타간이음식,39,food
FD040100,FD,음식,FD04,주점,바/펍,39,bar
FD040200,FD,음식,FD04,주점,생맥주전문점,39,bar
FD040300,FD,음식,FD04,주점,클럽,39,bar
FD040400,FD,음식,FD04,주점,전통주/민속주점,39,bar
FD040500,FD,음식,FD04,주점,기타주점,39,bar
FD050100,FD,음식,FD05,카페/ 찻집,카페,39,cafe
FD050200,FD,음식,FD05,카페/ 찻집,찻집,39,cafe
FD050300,FD,음식,FD05,카페/ 찻집,기타음료점,39,cafe
HS010100,HS,역사관광,HS01,역사유적지,고궁,12,heritage
HS010200,HS,역사관광,HS01,역사유적지,성ㆍ산성ㆍ성곽,12,heritage
HS010300,HS,역사관광,HS01,역사유적지,문,12,heritage
HS010400,HS,역사관광,HS01,역사유적지,고택,12,heritage
HS010500,HS,역사관광,HS01,역사유적지,생가,12,heritage
HS010600,HS,역사관광,HS01,역사유적지,민속마을,12,heritage
HS010700,HS,역사관광,HS01,역사유적지,사적지,12,heritage
HS010800,HS,역사관광,HS01,역사유적지,"고분, 능",12,heritage
HS010900,HS,역사관광,HS01,역사유적지,사당,12,heritage
HS011000,HS,역사관광,HS01,역사유적지,선사유적지,12,heritage
HS011100,HS,역사관광,HS01,역사유적지,근대건축물,12,heritage
HS011200,HS,역사관광,HS01,역사유적지,기타역사유적지,12,heritage
HS020100,HS,역사관광,HS02,역사유물,탑ㆍ비석ㆍ기념탑,12,heritage
HS020200,HS,역사관광,HS02,역사유물,선사유물,12,heritage
HS020300,HS,역사관광,HS02,역사유물,불상,12,heritage
HS020400,HS,역사관광,HS02,역사유물,기타역사유물,12,heritage
HS030100,HS,역사관광,HS03,종교성지,불교,12,heritage
HS030200,HS,역사관광,HS03,종교성지,기독교,12,heritage
HS030300,HS,역사관광,HS03,종교성지,이슬람,12,heritage
HS030400,HS,역사관광,HS03,종교성지,기타 종교성지,12,heritage
HS040100,HS,역사관광,HS04,안보관광지,안보유적지,12,heritage
HS040200,HS,역사관광,HS04,안보관광지,안보관광시설,12,heritage
HS040300,HS,역사관광,HS04,안보관광지,북한관광지,12,heritage
HS040400,HS,역사관광,HS04,안보관광지,기타안보관광지,12,heritage
LS010100,LS,레저스포츠,LS01,육상레저스포츠,인라인(실내 인라인 포함),28,activity
LS010200,LS,레저스포츠,LS01,육상레저스포츠,자전거하이킹,28,activity
LS010300,LS,레저스포츠,LS01,육상레저스포츠,카트,28,activity
LS010400,LS,레저스포츠,LS01,육상레저스포츠,골프,28,activity
LS010500,LS,레저스포츠,LS01,육상레저스포츠,경마,28,activity
LS010600,LS,레저스포츠,LS01,육상레저스포츠,경륜,28,activity
LS010700,LS,레저스포츠,LS01,육상레저스포츠,승마,28,activity
LS010800,LS,레저스포츠,LS01,육상레저스포츠,스키/스노보드,28,activity
LS010900,LS,레저스포츠,LS01,육상레저스포츠,스케이트,28,activity
LS011000,LS,레저스포츠,LS01,육상레저스포츠,썰매장,28,activity
LS011100,LS,레저스포츠,LS01,육상레저스포츠,수렵장,28,activity
LS011200,LS,레저스포츠,LS01,육상레저스포츠,사격장,28,activity
LS011300,LS,레저스포츠,LS01,육상레저스포츠,암벽등반,28,activity
LS011400,LS,레저스포츠,LS01,육상레저스포츠,서바이벌게임,28,activity
LS011500,LS,레저스포츠,LS01,육상레저스포츠,ATV,28,activity
LS011600,LS,레저스포츠,LS01,육상레저스포츠,MTB,28,activity
LS011700,LS,레저스포츠,LS01,육상레저스포츠,오프로드,28,activity
LS011800,LS,레저스포츠,LS01,육상레저스포츠,번지점프,28,activity
LS011900,LS,레저스포츠,LS01,육상레저스포츠,기타육상레저스포츠,28,activity
LS020100,LS,레저스포츠,LS02,수상레저스포츠,윈드서핑/제트스키,28,activity
LS020200,LS,레저스포츠,LS02,수상레저스포츠,카약/카누,28,activity
LS020300,LS,레저스포츠,LS02,수상레저스포츠,요트,28,activity
LS020400,LS,레저스포츠,LS02,수상레저스포츠,스노쿨링/스킨스쿠버다이빙,28,activity
LS020500,LS,레저스포츠,LS02,수상레저스포츠,민물낚시,28,activity
LS020600,LS,레저스포츠,LS02,수상레저스포츠,바다낚시,28,activity
LS020700,LS,레저스포츠,LS02,수상레저스포츠,수영,28,activity
LS020800,LS,레저스포츠,LS02,수상레저스포츠,래프팅,28,activity
LS020900,LS,레저스포츠,LS02,수상레저스포츠,수상오토바이,28,activity
LS021000,LS,레저스포츠,LS02,수상레저스포츠,수상자전거,28,activity
LS021100,LS,레저스포츠,LS02,수상레저스포츠,조정,28,activity
LS021200,LS,레저스포츠,LS02,수상레저스포츠,워터슬레드,28,activity
LS021300,LS,레저스포츠,LS02,수상레저스포츠,패러세일,28,activity
LS021400,LS,레저스포츠,LS02,수상레저스포츠,기타수상레저스포츠,28,activity
LS030100,LS,레저스포츠,LS03,항공레저스포츠,스카이다이빙,28,activity
LS030200,LS,레저스포츠,LS03,항공레저스포츠,초경량비행,28,activity
LS030300,LS,레저스포츠,LS03,항공레저스포츠,헹글라이딩/패러글라이딩,28,activity
LS030400,LS,레저스포츠,LS03,항공레저스포츠,열기구,28,activity
LS030500,LS,레저스포츠,LS03,항공레저스포츠,무인비행장치(드론),28,activity
LS030600,LS,레저스포츠,LS03,항공레저스포츠,기타항공레저스포츠,28,activity
LS040100,LS,레저스포츠,LS04,복합레저스포츠,복합레저스포츠,28,activity
NA010100,NA,자연관광,NA01,자연경관(산),"산, 고개, 오름, 봉우리",12,nature
NA010200,NA,자연관광,NA01,자연경관(산),숲,12,nature
NA010300,NA,자연관광,NA01,자연경관(산),폭포,12,nature
NA010400,NA,자연관광,NA01,자연경관(산),계곡,12,nature
NA010500,NA,자연관광,NA01,자연경관(산),약수터,12,nature
NA020100,NA,자연관광,NA02,자연경관(하천‧해양),강,12,nature
NA020200,NA,자연관광,NA02,자연경관(하천‧해양),호수,12,nature
NA020300,NA,자연관광,NA02,자연경관(하천‧해양),저수지,12,nature
NA020400,NA,자연관광,NA02,자연경관(하천‧해양),연못·늪,12,nature
NA020500,NA,자연관광,NA02,자연경관(하천‧해양),섬,12,nature
NA020600,NA,자연관광,NA02,자연경관(하천‧해양),염전,12,nature
NA020700,NA,자연관광,NA02,자연경관(하천‧해양),항구/포구,12,nature
NA020800,NA,자연관광,NA02,자연경관(하천‧해양),해안절경,12,beach
NA020900,NA,자연관광,NA02,자연경관(하천‧해양),해변. 해수욕장,12,beach
NA030100,NA,자연관광,NA03,자연생태,동굴,12,nature
NA030200,NA,자연관광,NA03,자연생태,희귀동.식물,12,nature
NA030300,NA,자연관광,NA03,자연생태,기암괴석,12,nature
NA030400,NA,자연관광,NA03,자연생태,생태습지,12,nature
NA030500,NA,자연관광,NA03,자연생태,기타자연생태,12,nature
NA040100,NA,자연관광,NA04,자연공원,국립공원,12,nature
NA040200,NA,자연관광,NA04,자연공원,도립공원,12,nature
NA040300,NA,자연관광,NA04,자연공원,군립공원,12,nature
NA040400,NA,자연관광,NA04,자연공원,지질공원,12,nature
NA040500,NA,자연관광,NA04,자연공원,생태관광지,12,nature
NA040600,NA,자연관광,NA04,자연공원,자연휴양림,12,nature
NA040700,NA,자연관광,NA04,자연공원,수목원ㆍ정원,12,nature
NA050100,NA,자연관광,NA05,기타자연관광,기타자연관광,12,nature
SH010100,SH,쇼핑,SH01,백화점,백화점,38,shop
SH020100,SH,쇼핑,SH02,쇼핑몰,복합쇼핑몰,38,shop
SH020200,SH,쇼핑,SH02,쇼핑몰,아웃렛,38,shop
SH030100,SH,쇼핑,SH03,대형마트,대형마트,38,shop
SH040100,SH,쇼핑,SH04,면세점,공항면세점,38,shop
SH040200,SH,쇼핑,SH04,면세점,시내면세점,38,shop
SH040300,SH,쇼핑,SH04,면세점,사후면세점,38,shop
SH050100,SH,쇼핑,SH05,전문매장/상가,공방/공예품점,38,shop
SH050200,SH,쇼핑,SH05,전문매장/상가,전문상가,38,shop
SH050300,SH,쇼핑,SH05,전문매장/상가,관광기념품/특산물판매점,38,shop
SH060100,SH,쇼핑,SH06,시장,비상설시장,38,shop
SH060200,SH,쇼핑,SH06,시장,상설시장,38,shop
SH070100,SH,쇼핑,SH07,기타쇼핑시설,기타쇼핑시설,38,shop
VE010100,VE,문화관광,VE01,랜드마크관광,건물,12,heritage
VE010200,VE,문화관광,VE01,랜드마크관광,타워 / 전망대,12,heritage
VE010300,VE,문화관광,VE01,랜드마크관광,다리 / 대교,12,heritage
VE010400,VE,문화관광,VE01,랜드마크관광,분수,12,heritage
VE010500,VE,문화관광,VE01,랜드마크관광,동상,12,heritage
VE010600,VE,문화관광,VE01,랜드마크관광,터널,12,heritage
VE010700,VE,문화관광,VE01,랜드마크관광,댐,12,heritage
VE010800,VE,문화관광,VE01,랜드마크관광,등대,12,heritage
VE010900,VE,문화관광,VE01,랜드마크관광,기타 건축/조형물,12,heritage
VE020100,VE,문화관광,VE02,테마공원,테마파크,12,activity
VE020200,VE,문화관광,VE02,테마공원,워터파크,12,activity
VE020300,VE,문화관광,VE02,테마공원,동물원,12,activity
VE020400,VE,문화관광,VE02,테마공원,수족관 / 아쿠라리움,12,activity
VE020500,VE,문화관광,VE02,테마공원,천문대,12,activity
VE030100,VE,문화관광,VE03,도시공원,시민공원,12,nature
VE030200,VE,문화관광,VE03,도시공원,소공원,12,nature
VE030300,VE,문화관광,VE03,도시공원,어린이공원,12,nature
VE030400,VE,문화관광,VE03,도시공원,근린공원,12,nature
VE030500,VE,문화관광,VE03,도시공원,주제공원,12,nature
VE040100,VE,문화관광,VE04,도시.지역문화관광,"골목길, 문화거리",12,heritage
VE040200,VE,문화관광,VE04,도시.지역문화관광,마을관광지,12,heritage
VE040300,VE,문화관광,VE04,도시.지역문화관광,둘레길,12,activity
VE050100,VE,문화관광,VE05,복합관광시설,관광단지,12,activity
VE050200,VE,문화관광,VE05,복합관광시설,리조트,32,activity
VE060100,VE,문화관광,VE06,공연시설,공연장,14,heritage
VE060200,VE,문화관광,VE06,공연시설,영화관,14,heritage
VE070100,VE,문화관광,VE07,전시시설,박물관,14,heritage
VE070200,VE,문화관광,VE07,전시시설,기념관,14,heritage
VE070300,VE,문화관광,VE07,전시시설,전시관,14,heritage
VE070400,VE,문화관광,VE07,전시시설,컨벤션센터,14,heritage
VE070500,VE,문화관광,VE07,전시시설,과학관,14,heritage
VE070600,VE,문화관광,VE07,전시시설,미술관/화랑,14,heritage
VE080600,VE,문화관광,VE08,행사시설,연회장,14,event
VE090100,VE,문화관광,VE09,교육시설,한국문화원,14,heritage
VE090200,VE,문화관광,VE09,교육시설,외국문화원,14,heritage
VE090300,VE,문화관광,VE09,교육시설,도서관,14,heritage
VE090400,VE,문화관광,VE09,교육시설,문화전수시설,14,heritage
VE090500,VE,문화관광,VE09,교육시설,어학당,14,heritage
VE090600,VE,문화관광,VE09,교육시설,학교,14,heritage
VE100100,VE,문화관광,VE10,레저스포츠시설,스포츠경기장,28,activity
VE100200,VE,문화관광,VE10,레저스포츠시설,"스포츠센터, 수련시설",28,activity
VE120100,VE,문화관광,VE12,기타문화관광지,서점,14,shop
VE120200,VE,문화관광,VE12,기타문화관광지,카지노,28,activity
VE120300,VE,문화관광,VE12,기타문화관광지,기타문화시설,14,etc
C0112001,C01,추천코스,C0112,가족코스,가족코스,25,etc
C0113001,C01,추천코스,C0113,나홀로코스,나홀로코스,25,etc
C0114001,C01,추천코스,C0114,힐링코스,힐링코스,25,etc
C0115001,C01,추천코스,C0115,도보코스,도보코스,25,etc
C0116001,C01,추천코스,C0116,캠핑코스,캠핑코스,25,etc
C0117001,C01,추천코스,C0117,맛코스,맛코스,25,etc
